row,postal_code
3,A0B 3B0
4,B4E 3A5
5,B3K 3B4
6,B4V 3A2
7,B3J 0J1
8,B3S 0B9
9,B1P 5Z1
10,B2T 1B7
11,B3B 0M4
12,B3M 0P3
13,B0E 1H0
14,E1G 6H5
15,E2J 1C7
16,E4N 2C5
17,H3G 1R8
18,G2E 5G5
19,H3C 1L9
20,H2P 2H3
21,J7G 2A8
22,G9P 1N6
24,J0S 1V0
25,J5W 4P5
26,J6Y 0J8
27,H1P 1A2
28,J4K 4K2
29,H2K 3T1
31,J9P 1T2
32,J3L 6N8
33,L9T 8P6
35,L6R 3J6
36,N0H 2C3
39,K1N 8S7
40,M1S 4E4
41,M4H 1C3
42,L5T 1B6
43,M9W 0A2
44,L5H 3A1
45,L9J 0J8
46,L6V 1C2
47,L3M 4M8
48,L5E 2X9
49,M3N 1V7
53,L5T 1Y1
54,L4T 0A7
56,L2H 1H3
57,L5N 5V3
58,M1H 3C3
59,M5A 1S9
60,L6M 2Y3
61,M1S 3R6
62,L1W 3X4
63,L2W 1A3
64,L5R 2Z1
65,L6W 3M2
66,L7C 4G5
67,L6P 0X4
68,L7G 4S7
69,L6P 2P1
70,L4W 2P3
71,L6T 5K1
72,L4C 0M5
73,L4L 8G8
74,L6H 4E4
75,L6R 0Y7
76,L6Y 3M1
77,M4S 1X8
78,L6J 7W5
79,L6H 7S8
80,L6R 2R2
81,M9W 3E4
82,L6M 1M1
83,L6Y 6G2
84,L4H 4G6
85,L6P 4G8
86,L6T 4Y3
88,K0E 1T0
90,L4Z 1V9
92,M1B 2W3
93,K0K 1H0
94,L4W 0E6
95,L8E 2T1
96,L7A 4B1
97,N6A 3N7
98,L7E 1K3
99,L9T 4Z9
100,L4V 1W1
101,L6P 4G7
102,N6P 1V4
103,L7E 3B6
104,L4W 4L9
105,M3J 2S4
106,L5N 8B8
107,M6J 2R9
108,L6Y 6G9
109,L6X 2Y8
110,M1H 2S8
111,L8M 1C6
112,N6J 4X2
113,M4N 1B9
114,L0R 1P0
115,M9V 3Y6
123,M8V 3Y3
124,N7T 2K5
125,L0S 1E3
126,L6P 1M2
128,M5R 3K4
129,N3V 0A6
131,L3Z 3G9
132,L6M 1V7
133,L4N 6C1
134,L6K 0J1
135,L5T 1S1
136,L2G 0Y3
137,L7N 3G2
138,M5V 1T2
140,L6W 0E5
141,L4L 4S5
142,L4J 0G1
145,L5T 2J9
146,M9W 5R6
147,L3R 4S1
148,M5T 2C2
149,K8N 5N9
150,M6J 2Z8
151,M2M 1C8
152,L6P 3N4
153,L7E 4E8
154,M1N 4B5
155,L4K 2L7
157,M6S 1P1
158,M5C 1S2
159,K4K 1J8
160,N2L 0C7
161,L5N 2X7
162,M9L 2A9
163,M6H 2T2
164,L6R 0W3
165,L5V 2A6
166,L6S 6H6
167,P2N 2E9
168,L6X 4M5
169,L5T 0B3
171,L6X 4K9
172,K1R 0E2
173,L7P 4Y2
174,L6W 3K7
175,M1E 4S6
176,M9W 5Z8
177,L3R 1G9
179,M5V 2Y1
180,L7L 6A3
181,L9E 0E9
182,N0B 2C0
183,M6A 1S1
184,L5T 2E1
185,L5R 3J6
186,M6J 1C3
187,M6K 1Y7
188,L5V 1T2
189,L6W 0B6
190,L4J 5Y5
191,L1P 1L5
192,L4K 4Y2
193,N3R 3V7
195,L5N 2X4
196,L7A 2X4
197,L6Y 0P8
199,L4K 1Z8
200,M3J 2N2
202,L5T 2L6
203,M1X 1G2
204,M4M 2K9
205,L6P 3P4
206,M9C 5J1
208,M6J 1H6
209,M5B 2E7
210,L6T 4N9
211,P0C 1A0
212,N6G 0T8
213,M4H 1J5
214,L5N 6J5
215,N0R 1A0
216,L6X 5M9
217,L5W 1N6
218,N2V 1C5
219,L4K 2B9
220,L5S 1V8
223,L5N 1V9
224,N0G 2L2
225,M1V 0C9
226,M1P 3L5
227,L6P 1L5
228,L6X 5K7
229,K1G 4K3
230,N1H 3J8
233,L5B 3X9
234,L6Y 1Y7
235,L5W 1N5
236,L7A 1B7
237,N8X 2A8
238,L4T 3T5
239,L8K 1C7
240,M1X 1E7
241,L5M 4Z5
242,M3J 0L1
243,M6B 3B5
244,L6L 4A7
245,M6G 1B7
246,L2G 1T5
247,L7L 6W6
248,L6R 3P4
251,N0M 2K0
252,L2S 0E7
253,L8W 3N1
254,L5T 2N8
256,L6S 5W5
257,L7G 4R9
258,M9W 5S8
259,M1W 2L8
260,L0J 1C0
264,L9T 5J1
265,L4V 1R5
266,L4L 4A2
267,L3V 0W1
268,L8E 5Z2
269,L5T 1R7
270,M6E 1C9
271,L4G 3C5
272,L5C 3Y8
273,L8N 1M4
274,M9V 5G6
275,L4B 3Z4
276,L6Y 4A3
277,L4W 3E8
278,N7A 4L5
279,M1P 3E6
280,M4K 1R1
281,L3R 5V7
282,L6R 0K1
283,L5S 1V6
284,K7M 7G2
285,M1S 1V2
287,L5G 4N2
288,N7T 5V8
289,L6H 6X5
290,L1W 3G7
291,M9N 2R5
292,N2H 4W8
293,L6L 2X9
294,L6A 3V8
295,L6T 2E7
296,M1P 3C2
297,L4L 5V5
298,L7N 3J5
299,L1M 2E7
300,M4G 2B6
301,L7B 1K5
302,L7P 3Z3
303,P0X 1C0
304,M2N 3B5
305,L4B 3N4
306,K1T 0S8
307,N1H 7Y5
309,M5V 0C4
310,L9W 3V3
311,M9P 2M1
313,M1X 1B1
314,L4K 5B5
315,M9W 0B5
316,L6P 2K8
318,M4B 3M1
320,L9T 0W6
321,K7L 4V4
322,L5T 1W6
323,M1P 4S6
324,M1V 2W2
325,N2V 2E5
326,L4K 1W1
327,L6A 0K8
328,M9W 1P1
329,L6X 0W8
330,L3Y 4V8
331,P0L 1N0
333,K8V 5P6
334,K2J 4G3
335,M2K 2Y2
337,L4W 4P3
338,L4W 4Z4
340,L4W 1T7
341,P3Y 1K7
342,L5S 0A2
345,N6A 1V7
346,M3J 2N7
347,M3J 2G2
348,M2N 7E9
349,K1P 5G3
350,L4Z 1V4
351,K0A 1L0
352,L4K 3S6
353,L4N 0M4
354,K2V 1C7
356,K0B 1P0
357,L6Z 1E8
358,L4V 1M5
359,M8Z 5L5
360,M5V 3B1
361,M1L 3E9
362,L4K 2G5
363,L4E 0Y1
364,M1B 2G1
365,L0P 1B0
366,R7N 1K7
367,R3R 3Z9
368,R3E 2T2
369,R3G 0C4
370,R2R 1R7
371,R2P 1C7
372,R2G 2T7
373,R3E 2S6
374,R5R 0C9
375,R3M 3J3
376,R2V 3V1
377,R4A 1A2
379,R8N 1Y8
380,R1N 0N9
381,R2J 4H7
382,R2R 0H3
383,R3C 1V4
384,R7A 7L2
385,R3E 3L2
386,R2J 0G5
387,R9A 2K0
388,R3C 4L9
389,R6W 1J4
390,R2C 1Z1
391,R3H 0M5
392,S4N 0N4
393,S4V 3P7
394,S7K 0W3
395,S7M 3B6
396,S0K 4S2
397,S4R 6Z6
398,S9V 1K4
399,S9V 1T2
400,S9H 3Z4
401,S0N 1N0
402,S9A 1E8
403,S7H 0V6
404,S0G 2N0
405,S4R 2R1
406,S7S 1P2
407,S0E 1E0
408,S9H 5N1
409,S0H 0L0
411,T3J 0Y5
413,T3K 2A8
414,T1Z 0M8
415,T3N 0P6
416,T6L 3R5
417,T3E 0C1
418,T2G 0T1
422,T2E 8T6
423,T6V 1A8
424,T6A 0H9
425,T3M 2C4
427,T3J 4V3
428,T6V 0C5
429,T6B 0G2
430,T4A 0X8
431,T8N 7Y3
432,T6T 2N4
433,T6E 5P3
434,T6M 0Y5
435,T5S 2B8
436,T3E 7K1
437,T3K 3V7
438,T6R 0M6
439,T3J 0V1
440,T6T 2G1
441,T6E 5R9
442,T2H 2Z9
443,T3N 0T6
444,T2W 0C1
445,T3J 0M8
446,T5M 1V1
447,T2P 2V7
448,T5S 1M3
449,T6T 2E1
450,T2E 2N4
451,T1Y 6X5
452,T5N 1P6
453,T3L 2L3
454,T6V 0M6
455,T2H 0T3
457,T3J 5H9
458,T6X 1R4
459,T3K 4E9
460,T1X 0L4
461,T3N 1L3
462,T6T 0C2
463,T6J 7B5
464,T6X 3A2
465,T3J 5L6
467,T6W 5E6
468,T6T 1T7
470,T3N 0B5
471,T6B 1E6
472,T1Y 7H3
473,T3M 2E2
475,T1X 0K1
476,T6T 0A8
477,T3M 0X3
478,T0A 0K0
479,T2E 8W7
481,T3R 1T4
482,T3J 0V8
483,T5S 2M4
484,T3N 1M7
485,T6T 0M2
486,T3J 3T9
487,T2E 8A2
488,T3J 5A1
489,T7X 0K5
490,T6E 6A1
491,T2H 0M1
492,T6X 0W6
493,T3J 5H3
494,T0G 1E0
495,T2H 0L9
497,T6T 1T2
498,T3J 5G8
499,T6W 0L9
500,T5A 4V9
502,T0H 1Z0
503,T1A 8T2
504,T6L 3S1
505,T2E 7B2
506,T6T 2G7
507,T6V 1J1
508,T2C 2R1
509,T6X 1A3
511,T6H 1E7
512,T0A 0N0
514,T3Z 3S4
515,T6C 4E3
516,T6E 5E3
517,T0L 0T0
519,T6B 3M5
520,T4S 2A9
522,T2J 5N8
523,T5J 3S4
524,T3N 0N1
525,T1Y 5Z6
526,T8X 1R3
527,T6W 1A7
528,T7A 1J7
529,T6T 2R7
530,T2A 7X4
531,T2X 4S9
532,T6B 3G1
533,T3N 2B2
534,T6E 2W6
535,T2G 2B1
536,T3P 1R2
537,T3J 0X6
538,T5L 2Y1
539,T5S 0G2
540,T6E 6A4
542,T2Z 3R6
543,T6R 3L6
544,T2H 0K9
545,T2M 4L2
546,T5L 0M5
547,T3N 1Z2
548,T2B 3C4
549,T3E 0B3
550,T5L 2W4
551,T5T 7K2
553,T5J 0T4
554,T6E 3N8
555,T3P 0S2
556,T5X 1X6
558,T6W 1A4
559,T4N 3X9
560,T6T 2M6
562,T3J 4H2
563,T6E 5P4
564,T2Y 3H9
565,T2E 5V9
566,T6R 3E7
567,T1W 1N5
568,T5E 6W1
569,T4B 3G2
571,T3R 0V6
573,T3H 3L2
574,T1Y 0C8
575,T2Z 0N2
576,T3J 3K9
577,T3N 0S2
578,T3N 1V9
579,T8V 5S1
580,T5H 4R1
581,T6T 1P9
582,T2P 0N3
583,T6P 1S4
585,T2C 5C5
586,T0J 2P0
587,V3W 0E6
589,V6X 2B1
590,V3Y 2B4
591,V6Y 1Z3
594,V3J 2V2
595,V6G 1C7
596,V9W 1C6
597,V3S 5X7
598,V3W 2V6
599,V3S 0W4
600,V7B 0B7
601,V6B 1G8
602,V3R 1A2
603,V4T 1T8
604,V2R 0P9
605,V2T 5P1
607,V2C 3Z6
608,V2S 0H9
609,V3V 4B4
610,V2R 3N4
611,V2T 0H2
612,V2S 0C4
613,V3W 1S7
615,V6X 2E3
616,V3T 4Y2
617,V6G 1N3
618,V3W 0X4
619,V3R 3P2
620,V3W 1P2
621,V8V 3K3
622,V2S 1W2
623,V3K 7B2
625,V6V 2W3
626,V3S 2C1
628,V6X 2X9
629,V2P 7V9
631,V3W 1R1
632,V5G 2E6
633,V5J 5E6
634,V3T 1X2
635,V9A 4T4
636,V4C 6E4
637,V3R 2G3
638,V2T 4P4
639,V3S 7K3
640,V3W 2A4
641,V3T 2Z9
642,V6C 1V4
643,V5G 1H3
644,V3T 1K6
645,V2T 2X6
646,V6X 2C2
647,V3W 1E6
648,V4S 1C5
649,V4A 9E9
650,V4C 2S3
652,V3S 0Y9
653,V3B 2P5
654,V3X 0H6
655,V3W 1N6
656,V4R 0E2
657,V6E 1N4
658,V3H 0C5
659,V5H 4N2
660,V5J 3J1
661,V2T 3R5
662,V3S 1B4
663,V1J 1W7
664,V5J 4V5
665,V6A 2T4
666,V3W 3X6
667,V3W 1N7
668,V3S 6Z6
669,V3W 5J8
670,V4C 7T8
671,V3S 0B3
672,V3B 6S2
673,V2T 5E9
674,V5X 4V2
676,V3V 6R6
677,V6V 1Y3
678,V4C 6R8
679,V3X 1X9
680,V3W 6T7
685,V6C 3E2
687,V6C 2T8
688,V3L 0J9
689,V5L 3X3
690,V4K 3N2
691,V7M 1B3
692,V3H 4B6
693,V8G 0C6
695,V3W 2X3
696,V3M 5R5
702,V7J 2E9
703,V7M 3K1
704,V3W 4G1
705,V3V 1R2
706,V3W 2V7
707,V0C 2N0
708,V3C 3H1
710,V3W 3B2
712,V5C 3W4
713,V4C 2H1
714,V6A 1E7
715,V1H 2H7
716,V3V 5P2
717,V3R 2T9
718,V2R 4S8
719,V2Y 0W9
720,V3S 5J8
721,V3Y 2T9
722,V6Y 1R7
723,V0E 2Z0
725,V3T 3J5
726,V3S 1C4
727,V3W 2C9
728,V5J 5A4
729,V2Y 1N7
731,V2T 3R7
732,V2T 3S5
733,V3M 6H4
734,V5Y 1N5
735,V3X 1L5
736,V6G 1W3
737,V3W 0L8
738,V4N 3R1
739,V3W 3P9
741,V3B 1C2
742,V5C 2H7
743,V3M 5J3
744,V2S 1G7
745,V3T 3B4
746,V2K 2X8
747,V6V 3B4
748,V1V 0C1
749,V4N 0G2
750,V3L 3W8
751,V9P 9E2
752,V2C 1A5
753,V6G 2M7
756,V6X 1C3
757,V6G 2W9
758,V6H 3K2
759,V1E 2L2
761,V6X 2A4
763,V6V 2A6
764,V1G 1R9
765,V1X 3C1
766,V3W 0W7
767,V2Y 1A5
768,V7C 1A4
769,V3V 7N8
770,V3S 6K8
771,V0E 2V1
773,V7P 3P2
774,V3S 2A1
775,V3A 1M7
776,V3W 4V4
777,V9B 4R2
778,V6X 3V7
779,V2L 3C3
780,V5A 2G9
781,V2T 6K4
782,V3W 7X6
783,V5L 3K6
784,V3S 1Z9
785,V9R 6R1
786,V0H 1X7
787,V6Y 2V5
788,V6W 0A5
789,V8B 0Z4
790,V2V 5R1
791,V2T 2W8
793,V3W 0R1
794,V5L 2K5
795,V3W 3H2
796,V8L 3X9
797,V6S 1H9
798,V1X 4L5
799,V3R 2Y3
800,V3A 3X1
801,V7P 2B5
802,V9S 5L6
803,V1M 2N5
804,V3G 2T9
805,V3V 4B8
806,V4N 2L6
808,V5X 3V8
809,V5Y 1L8
810,V4W 2X2
811,V5T 1R9
813,V3W 3M8
814,V3W 3J1
815,V0B 1G1
816,V2Y 0T4
817,V2T 6V9
818,V3S 3K2
819,V7M 1T4
820,V8Z 3L3
821,V5V 3E3
822,V3W 0P2
824,V3C 3G6
826,V4S 0B9
828,V3S 1S8
829,V6J 3Y9
830,V5Y 0J7
832,V0C 1J0
833,V6G 1W5
834,V4N 0W7
835,V5L 3X8
836,V6K 2C8
837,V8V 2G7
838,V3W 4Z5
839,V4C 2T8
841,V1Z 2M3
842,V8X 3K9
843,V3W 4T4
844,V3S 3C3
845,V5L 2P7
846,V2Z 1S8
848,V3S 3M4
849,V3V 5J3
850,V3V 3X5
852,V3W 3E4
853,V3S 2B9
854,V3S 1T7
855,V3S 2T8
856,V3W 3N4
857,V4N 0Z2
858,V4V 1K8
859,V6W 1C1
860,V6Y 2T6
862,V2R 4X5
863,V4W 2P5
864,V3W 3Y5
865,V3W 5R8
866,V1P 1E3
867,Y1A 6J3
